Lab,Trial,Day,Group,ForagingTime,CauseOfDeath
M,1,1,1,10,
M,2,1,1,11,
M,3,1,1,6,
M,4,1,1,12,
M,5,1,1,12,
M,1,1,2,9,
M,2,1,2,10,
M,3,1,2,5,
M,1,1,3,10,
M,2,1,3,8,
M,3,1,3,9,
M,4,1,3,9,
M,5,1,3,,g
M,1,1,4,8,
M,2,1,4,6,
M,4,1,4,6,
M,5,1,4,7,
M,1,1,5,49,
M,2,1,5,14,
M,3,1,5,5,
M,4,1,5,6,
M,5,1,5,8,
T,1,1,6,7,
T,2,1,6,10,
T,3,1,6,13,
T,4,1,6,8,
T,5,1,6,12,
T,1,1,7,8,
T,2,1,7,10,
T,1,1,8,10,
T,2,1,8,9,
T,3,1,8,,h
T,4,1,8,6,
T,5,1,8,13,
T,1,1,9,15,
T,2,1,9,10,
T,3,1,9,8,
T,4,1,9,,h
T,5,1,9,8,
W,1,1,10,6,
W,2,1,10,6,
W,3,1,10,5,
W,4,1,10,5,
W,5,1,10,8,
W,1,1,11,4,
W,2,1,11,13,
W,3,1,11,12,
W,4,1,11,5,
W,5,1,11,12,
W,1,1,12,21,
W,2,1,12,8,
W,3,1,12,,h
W,4,1,12,9,
W,5,1,12,8,
W,1,1,13,8,
W,2,1,13,6,
W,3,1,13,4,
W,4,1,13,6,
W,5,1,13,4,
W,1,1,14,12,
W,2,1,14,9,
W,1,1,15,10,
W,2,1,15,10,
W,3,1,15,8,
W,4,1,15,7,
W,5,1,15,2,
W,1,1,16,5,
W,2,1,16,3,
W,3,1,16,3,
W,4,1,16,6,
W,5,1,16,5,
M,1,2,1,12,
M,2,2,1,12,
M,3,2,1,8,
M,4,2,1,15,
M,5,2,1,,h
M,1,2,2,5,
M,2,2,2,6,
M,3,2,2,12,
M,1,2,3,14,
M,2,2,3,13,
M,3,2,3,11,
M,4,2,3,10,
M,5,2,3,4,
M,1,2,4,8,
M,2,2,4,8,
M,4,2,4,9,
M,5,2,4,10,
M,1,2,5,13,
M,2,2,5,9,
M,3,2,5,,h
M,4,2,5,5,
M,5,2,5,8,
T,1,2,6,9,
T,2,2,6,12,
T,3,2,6,16,
T,4,2,6,15,
T,5,2,6,6,
T,1,2,7,7,
T,2,2,7,16,
T,1,2,8,7,
T,2,2,8,6,
T,3,2,8,8,
T,4,2,8,6,
T,5,2,8,8,
T,1,2,9,10,
T,2,2,9,10,
T,3,2,9,,h
T,4,2,9,20,
T,5,2,9,14,
W,1,2,10,7,
W,2,2,10,21,
W,3,2,10,17,
W,4,2,10,6,
W,5,2,10,,h
W,1,2,11,15,
W,2,2,11,17,
W,3,2,11,8,
W,4,2,11,,h
W,5,2,11,11,
W,1,2,12,8,
W,2,2,12,8,
W,3,2,12,13,
W,4,2,12,6,
W,5,2,12,8,
W,1,2,13,8,
W,2,2,13,8,
W,3,2,13,5,
W,4,2,13,9,
W,5,2,13,7,
W,1,2,14,8,
W,2,2,14,15,
W,1,2,15,9,
W,2,2,15,9,
W,3,2,15,42,
W,4,2,15,5,
W,5,2,15,6,
W,1,2,16,9,
W,2,2,16,3,
W,3,2,16,,h
W,4,2,16,5,
W,5,2,16,4,
M,1,3,1,11,
M,2,3,1,9,
M,3,3,1,,h
M,4,3,1,13,
M,5,3,1,12,
M,1,3,2,6,
M,2,3,2,19,
M,3,3,2,20,
M,1,3,3,15,
M,2,3,3,23,
M,3,3,3,,h
M,4,3,3,12,
M,5,3,3,17,
M,1,3,4,12,
M,2,3,4,22,
M,4,3,4,8,
M,5,3,4,10,
M,1,3,5,22,
M,2,3,5,8,
M,3,3,5,10,
M,4,3,5,18,
M,5,3,5,9,
T,1,3,6,11,
T,2,3,6,7,
T,3,3,6,13,
T,4,3,6,11,
T,5,3,6,8,
T,1,3,7,8,
T,2,3,7,6,
T,1,3,8,9,
T,2,3,8,7,
T,3,3,8,,h
T,4,3,8,14,
T,5,3,8,18,
T,1,3,9,12,
T,2,3,9,11,
T,3,3,9,15,
T,4,3,9,5,
T,5,3,9,13,
W,1,3,10,9,
W,2,3,10,9,
W,3,3,10,10,
W,4,3,10,10,
W,5,3,10,15,
W,1,3,11,8,
W,2,3,11,20,
W,3,3,11,,h
W,4,3,11,8,
W,5,3,11,33,
W,1,3,12,10,
W,2,3,12,20,
W,3,3,12,10,
W,4,3,12,24,
W,5,3,12,7,
W,1,3,13,6,
W,2,3,13,8,
W,3,3,13,8,
W,4,3,13,6,
W,5,3,13,4,
W,1,3,14,9,
W,2,3,14,13,
W,1,3,15,7,
W,2,3,15,10,
W,3,3,15,,h
W,4,3,15,6,
W,5,3,15,,h
W,1,3,16,8,
W,2,3,16,4,
W,3,3,16,8,
W,4,3,16,5,
W,5,3,16,3,
M,1,4,1,10,
M,2,4,1,51,
M,3,4,1,13,
M,4,4,1,12,
M,5,4,1,24,
M,1,4,2,13,
M,2,4,2,13,
M,3,4,2,20,
M,1,4,3,12,
M,2,4,3,24,
M,3,4,3,6,
M,4,4,3,,h
M,5,4,3,13,
M,1,4,4,4,
M,2,4,4,9,
M,4,4,4,10,
M,5,4,4,9,
M,1,4,5,11,
M,2,4,5,32,
M,3,4,5,,h
M,4,4,5,11,
M,5,4,5,,h
T,1,4,6,11,
T,2,4,6,13,
T,3,4,6,11,
T,4,4,6,11,
T,5,4,6,6,
T,1,4,7,10,
T,2,4,7,9,
T,1,4,8,9,
T,2,4,8,7,
T,3,4,8,14,
T,4,4,8,10,
T,5,4,8,22,
T,1,4,9,13,
T,2,4,9,13,
T,3,4,9,,h
T,4,4,9,8,
T,5,4,9,20,
W,1,4,10,10,
W,2,4,10,7,
W,3,4,10,,h
W,4,4,10,18,
W,5,4,10,10,
W,1,4,11,8,
W,2,4,11,16,
W,3,4,11,10,
W,4,4,11,13,
W,5,4,11,12,
W,1,4,12,19,
W,2,4,12,12,
W,3,4,12,23,
W,4,4,12,10,
W,5,4,12,12,
W,1,4,13,7,
W,2,4,13,6,
W,3,4,13,9,
W,4,4,13,9,
W,5,4,13,7,
W,1,4,14,10,
W,2,4,14,8,
W,1,4,15,8,
W,2,4,15,14,
W,3,4,15,16,
W,4,4,15,12,
W,5,4,15,10,
W,1,4,16,9,
W,2,4,16,9,
W,3,4,16,8,
W,4,4,16,5,
W,5,4,16,,g
M,1,5,1,13,
M,2,5,1,28,
M,3,5,1,,h
M,4,5,1,,h
M,5,5,1,23,
M,1,5,2,7,
M,2,5,2,15,
M,3,5,2,15,
M,1,5,3,22,
M,2,5,3,31,
M,3,5,3,8,
M,4,5,3,13,
M,5,5,3,14,
M,1,5,4,9,
M,2,5,4,30,
M,4,5,4,8,
M,5,5,4,17,
M,1,5,5,8,
M,2,5,5,28,
M,3,5,5,12,
M,4,5,5,12,
M,5,5,5,8,
T,1,5,6,10,
T,2,5,6,8,
T,3,5,6,25,
T,4,5,6,10,
T,5,5,6,13,
T,1,5,7,11,
T,2,5,7,9,
T,1,5,8,11,
T,2,5,8,11,
T,3,5,8,10,
T,4,5,8,6,
T,5,5,8,6,
T,1,5,9,10,
T,2,5,9,14,
T,3,5,9,11,
T,4,5,9,17,
T,5,5,9,,g
W,1,5,10,8,
W,2,5,10,11,
W,3,5,10,12,
W,4,5,10,8,
W,5,5,10,8,
W,1,5,11,7,
W,2,5,11,8,
W,3,5,11,,h
W,4,5,11,12,
W,5,5,11,13,
W,1,5,12,10,
W,2,5,12,8,
W,3,5,12,,h
W,4,5,12,,h
W,5,5,12,15,
W,1,5,13,6,
W,2,5,13,5,
W,3,5,13,5,
W,4,5,13,10,
W,5,5,13,7,
W,1,5,14,10,
W,2,5,14,15,
W,1,5,15,10,
W,2,5,15,10,
W,3,5,15,19,
W,4,5,15,,h
W,5,5,15,7,
W,1,5,16,7,
W,2,5,16,10,
W,3,5,16,,h
W,4,5,16,5,
W,5,5,16,5,
M,1,6,1,11,
M,2,6,1,39,
M,3,6,1,13,
M,4,6,1,,h
M,5,6,1,20,
M,1,6,2,10,
M,2,6,2,23,
M,3,6,2,13,
M,1,6,3,10,
M,2,6,3,28,
M,3,6,3,,h
M,4,6,3,,h
M,5,6,3,13,
M,1,6,4,6,
M,2,6,4,6,
M,4,6,4,9,
M,5,6,4,26,
M,1,6,5,14,
M,2,6,5,8,
M,3,6,5,25,
M,4,6,5,6,
M,5,6,5,,g
T,1,6,6,12,
T,2,6,6,9,
T,3,6,6,20,
T,4,6,6,,h
T,5,6,6,17,
T,1,6,7,13,
T,2,6,7,11,
T,1,6,8,9,
T,2,6,8,10,
T,3,6,8,6,
T,4,6,8,8,
T,5,6,8,12,
T,1,6,9,15,
T,2,6,9,17,
T,3,6,9,32,
T,4,6,9,18,
T,5,6,9,13,
W,1,6,10,8,
W,2,6,10,47,
W,3,6,10,12,
W,4,6,10,23,
W,5,6,10,12,
W,1,6,11,8,
W,2,6,11,18,
W,3,6,11,9,
W,4,6,11,12,
W,5,6,11,11,
W,1,6,12,17,
W,2,6,12,7,
W,3,6,12,6,
W,4,6,12,7,
W,5,6,12,5,
W,1,6,13,8,
W,2,6,13,7,
W,3,6,13,6,
W,4,6,13,8,
W,5,6,13,11,
W,1,6,14,5,
W,2,6,14,53,
W,1,6,15,8,
W,2,6,15,18,
W,3,6,15,25,
W,4,6,15,17,
W,5,6,15,26,
W,1,6,16,9,
W,2,6,16,9,
W,3,6,16,4,
W,4,6,16,7,
W,5,6,16,7,
M,1,7,1,16,
M,2,7,1,12,
M,3,7,1,9,
M,4,7,1,9,
M,5,7,1,11,
M,1,7,2,10,
M,2,7,2,13,
M,3,7,2,13,
M,1,7,3,9,
M,2,7,3,26,
M,3,7,3,9,
M,4,7,3,20,
M,5,7,3,26,
M,1,7,4,8,
M,2,7,4,17,
M,4,7,4,10,
M,5,7,4,11,
M,1,7,5,10,
M,2,7,5,40,
M,3,7,5,,h
M,4,7,5,9,
M,5,7,5,22,
T,1,7,6,14,
T,2,7,6,13,
T,3,7,6,,h
T,4,7,6,12,
T,5,7,6,8,
T,1,7,7,14,
T,2,7,7,11,
T,1,7,8,9,
T,2,7,8,16,
T,3,7,8,11,
T,4,7,8,9,
T,5,7,8,10,
T,1,7,9,12,
T,2,7,9,14,
T,3,7,9,18,
T,4,7,9,,h
T,5,7,9,17,
W,1,7,10,9,
W,2,7,10,11,
W,3,7,10,13,
W,4,7,10,7,
W,5,7,10,8,
W,1,7,11,21,
W,2,7,11,10,
W,3,7,11,10,
W,4,7,11,14,
W,5,7,11,10,
W,1,7,12,11,
W,2,7,12,8,
W,3,7,12,12,
W,4,7,12,27,
W,5,7,12,,h
W,1,7,13,9,
W,2,7,13,6,
W,3,7,13,,h
W,4,7,13,9,
W,5,7,13,8,
W,1,7,14,8,
W,2,7,14,7,
W,1,7,15,7,
W,2,7,15,12,
W,3,7,15,19,
W,4,7,15,21,
W,5,7,15,12,
W,1,7,16,8,
W,2,7,16,5,
W,3,7,16,5,
W,4,7,16,3,
W,5,7,16,7,
M,1,8,1,14,
M,2,8,1,51,
M,3,8,1,,h
M,4,8,1,,h
M,5,8,1,27,
M,1,8,2,15,
M,2,8,2,29,
M,3,8,2,23,
M,1,8,3,11,
M,2,8,3,47,
M,3,8,3,8,
M,4,8,3,25,
M,5,8,3,,h
M,1,8,4,14,
M,2,8,4,13,
M,4,8,4,10,
M,5,8,4,11,
M,1,8,5,16,
M,2,8,5,60,s
M,3,8,5,9,
M,4,8,5,,h
M,5,8,5,24,
T,1,8,6,8,
T,2,8,6,23,
T,3,8,6,12,
T,4,8,6,9,
T,5,8,6,17,
T,1,8,7,24,
T,2,8,7,21,
T,1,8,8,12,
T,2,8,8,9,
T,3,8,8,13,
T,4,8,8,19,
T,5,8,8,19,
T,1,8,9,16,
T,2,8,9,14,
T,3,8,9,,h
T,4,8,9,9,
T,5,8,9,,h
W,1,8,10,8,
W,2,8,10,10,
W,3,8,10,11,
W,4,8,10,15,
W,5,8,10,12,
W,1,8,11,16,
W,2,8,11,20,
W,3,8,11,6,
W,4,8,11,18,
W,5,8,11,,h
W,1,8,12,12,
W,2,8,12,20,
W,3,8,12,14,
W,4,8,12,17,
W,5,8,12,9,
W,1,8,13,9,
W,2,8,13,13,
W,3,8,13,7,
W,4,8,13,9,
W,5,8,13,9,
W,1,8,14,9,
W,2,8,14,18,
W,1,8,15,9,
W,2,8,15,8,
W,3,8,15,39,
W,4,8,15,22,
W,5,8,15,15,
W,1,8,16,12,
W,2,8,16,7,
W,3,8,16,,h
W,4,8,16,5,
W,5,8,16,,h
M,1,9,1,14,
M,2,9,1,19,
M,3,9,1,34,
M,4,9,1,34,
M,5,9,1,,h
M,1,9,2,13,
M,2,9,2,60,s
M,3,9,2,9,
M,1,9,3,26,
M,2,9,3,30,
M,3,9,3,,h
M,4,9,3,,h
M,5,9,3,10,
M,1,9,4,34,
M,2,9,4,26,
M,4,9,4,7,
M,5,9,4,12,
M,1,9,5,24,
M,2,9,5,60,s
M,3,9,5,8,
M,4,9,5,23,
M,5,9,5,,g
T,1,9,6,22,
T,2,9,6,12,
T,3,9,6,14,
T,4,9,6,12,
T,5,9,6,12,
T,1,9,7,13,
T,2,9,7,16,
T,1,9,8,12,
T,2,9,8,9,
T,3,9,8,,h
T,4,9,8,22,
T,5,9,8,24,
T,1,9,9,28,
T,2,9,9,15,
T,3,9,9,18,
T,4,9,9,23,
T,5,9,9,10,
W,1,9,10,7,
W,2,9,10,28,
W,3,9,10,,h
W,4,9,10,20,
W,5,9,10,12,
W,1,9,11,6,
W,2,9,11,15,
W,3,9,11,19,
W,4,9,11,17,
W,5,9,11,7,
W,1,9,12,15,
W,2,9,12,20,
W,3,9,12,11,
W,4,9,12,23,
W,5,9,12,16,
W,1,9,13,7,
W,2,9,13,7,
W,3,9,13,10,
W,4,9,13,10,
W,5,9,13,7,
W,1,9,14,8,
W,2,9,14,15,
W,1,9,15,15,
W,2,9,15,13,
W,3,9,15,,h
W,4,9,15,13,
W,5,9,15,5,
W,1,9,16,11,
W,2,9,16,8,
W,3,9,16,7,
W,4,9,16,6,
W,5,9,16,14,
M,1,10,1,15,
M,2,10,1,21,
M,3,10,1,28,
M,4,10,1,13,
M,5,10,1,50,
M,1,10,2,14,
M,2,10,2,47,
M,3,10,2,21,
M,1,10,3,12,
M,2,10,3,60,s
M,3,10,3,10,
M,4,10,3,12,
M,5,10,3,24,
M,1,10,4,12,
M,2,10,4,24,
M,4,10,4,7,
M,5,10,4,24,
M,1,10,5,12,
M,2,10,5,30,
M,3,10,5,26,
M,4,10,5,,h
M,5,10,5,19,
T,1,10,6,12,
T,2,10,6,10,
T,3,10,6,14,
T,4,10,6,12,
T,5,10,6,12,
T,1,10,7,15,
T,2,10,7,9,
T,1,10,8,13,
T,2,10,8,13,
T,3,10,8,14,
T,4,10,8,,h
T,5,10,8,17,
T,1,10,9,22,
T,2,10,9,14,
T,3,10,9,,h
T,4,10,9,,h
T,5,10,9,25,
W,1,10,10,13,
W,2,10,10,35,
W,3,10,10,12,
W,4,10,10,12,
W,5,10,10,11,
W,1,10,11,13,
W,2,10,11,27,
W,3,10,11,7,
W,4,10,11,22,
W,5,10,11,21,
W,1,10,12,12,
W,2,10,12,33,
W,3,10,12,,h
W,4,10,12,16,
W,5,10,12,17,
W,1,10,13,21,
W,2,10,13,16,
W,3,10,13,12,
W,4,10,13,8,
W,5,10,13,8,
W,1,10,14,13,
W,2,10,14,25,
W,1,10,15,8,
W,2,10,15,24,
W,3,10,15,19,
W,4,10,15,35,
W,5,10,15,7,
W,1,10,16,9,
W,2,10,16,5,
W,3,10,16,8,
W,4,10,16,3,
W,5,10,16,5,
M,1,11,1,19,
M,2,11,1,60,s
M,3,11,1,21,
M,4,11,1,27,
M,5,11,1,39,
M,1,11,2,22,
M,2,11,2,60,s
M,3,11,2,34,
M,1,11,3,28,
M,2,11,3,48,
M,3,11,3,14,
M,4,11,3,27,
M,5,11,3,18,
M,1,11,4,12,
M,2,11,4,38,
M,4,11,4,18,
M,5,11,4,,h
M,1,11,5,18,
M,2,11,5,59,
M,3,11,5,,h
M,4,11,5,,h
M,5,11,5,,h
T,1,11,6,12,
T,2,11,6,19,
T,3,11,6,,h
T,4,11,6,,h
T,5,11,6,22,
T,1,11,7,11,
T,2,11,7,16,
T,1,11,8,10,
T,2,11,8,9,
T,3,11,8,10,
T,4,11,8,7,
T,5,11,8,,g
T,1,11,9,18,
T,2,11,9,24,
T,3,11,9,15,
T,4,11,9,11,
T,5,11,9,34,
W,1,11,10,10,
W,2,11,10,17,
W,3,11,10,14,
W,4,11,10,27,
W,5,11,10,14,
W,1,11,11,10,
W,2,11,11,26,
W,3,11,11,,h
W,4,11,11,32,
W,5,11,11,38,
W,1,11,12,15,
W,2,11,12,28,
W,3,11,12,16,
W,4,11,12,13,
W,5,11,12,9,
W,1,11,13,10,
W,2,11,13,23,
W,3,11,13,15,
W,4,11,13,7,
W,5,11,13,18,
W,1,11,14,8,
W,2,11,14,14,
W,1,11,15,17,
W,2,11,15,22,
W,3,11,15,14,
W,4,11,15,,h
W,5,11,15,14,
W,1,11,16,8,
W,2,11,16,16,
W,3,11,16,18,
W,4,11,16,4,
W,5,11,16,,g
M,1,12,1,8,
M,2,12,1,60,s
M,3,12,1,,h
M,4,12,1,57,
M,5,12,1,,h
M,1,12,2,7,
M,2,12,2,55,
M,3,12,2,,h
M,1,12,3,60,s
M,2,12,3,60,s
M,3,12,3,,h
M,4,12,3,58,
M,5,12,3,,h
M,1,12,4,7,
M,2,12,4,41,
M,4,12,4,,h
M,5,12,4,12,
M,1,12,5,60,s
M,2,12,5,50,
M,3,12,5,7,
M,4,12,5,30,
M,5,12,5,12,
T,1,12,6,12,
T,2,12,6,8,
T,3,12,6,23,
T,4,12,6,,h
T,5,12,6,32,
T,1,12,7,13,
T,2,12,7,26,
T,1,12,8,21,
T,2,12,8,17,
T,3,12,8,15,
T,4,12,8,8,
T,5,12,8,19,
T,1,12,9,26,
T,2,12,9,20,
T,3,12,9,15,
T,4,12,9,,h
T,5,12,9,52,
W,1,12,10,8,
W,2,12,10,31,
W,3,12,10,19,
W,4,12,10,12,
W,5,12,10,29,
W,1,12,11,25,
W,2,12,11,31,
W,3,12,11,12,
W,4,12,11,37,
W,5,12,11,23,
W,1,12,12,13,
W,2,12,12,30,
W,3,12,12,20,
W,4,12,12,33,
W,5,12,12,29,
W,1,12,13,16,
W,2,12,13,9,
W,3,12,13,,h
W,4,12,13,15,
W,5,12,13,42,
W,1,12,14,9,
W,2,12,14,55,
W,1,12,15,15,
W,2,12,15,21,
W,3,12,15,53,
W,4,12,15,8,
W,5,12,15,9,
W,1,12,16,8,
W,2,12,16,24,
W,3,12,16,,h
W,4,12,16,4,
W,5,12,16,5,
M,1,13,1,23,
M,2,13,1,9,
M,3,13,1,,h
M,4,13,1,,h
M,5,13,1,16,
M,1,13,2,12,
M,2,13,2,60,s
M,3,13,2,28,
M,1,13,3,50,
M,2,13,3,40,
M,3,13,3,21,
M,4,13,3,60,s
M,5,13,3,,h
M,1,13,4,20,
M,2,13,4,38,
M,4,13,4,13,
M,5,13,4,12,
M,1,13,5,17,
M,2,13,5,15,
M,3,13,5,45,
M,4,13,5,,h
M,5,13,5,,h
T,1,13,6,32,
T,2,13,6,24,
T,3,13,6,,h
T,4,13,6,21,
T,5,13,6,22,
T,1,13,7,13,
T,2,13,7,54,
T,1,13,8,38,
T,2,13,8,14,
T,3,13,8,21,
T,4,13,8,17,
T,5,13,8,27,
T,1,13,9,30,
T,2,13,9,60,s
T,3,13,9,48,
T,4,13,9,,h
T,5,13,9,,g
W,1,13,10,10,
W,2,13,10,,
W,3,13,10,12,
W,4,13,10,14,
W,5,13,10,,h
W,1,13,11,19,
W,2,13,11,27,
W,3,13,11,13,
W,4,13,11,44,
W,5,13,11,18,
W,1,13,12,20,
W,2,13,12,59,
W,3,13,12,,h
W,4,13,12,,h
W,5,13,12,42,
W,1,13,13,17,
W,2,13,13,18,
W,3,13,13,,h
W,4,13,13,38,
W,5,13,13,22,
W,1,13,14,8,
W,2,13,14,26,
W,1,13,15,18,
W,2,13,15,26,
W,3,13,15,10,
W,4,13,15,,h
W,5,13,15,39,
W,1,13,16,13,
W,2,13,16,22,
W,3,13,16,5,
W,4,13,16,27,
W,5,13,16,8,
M,1,14,1,11,
M,2,14,1,60,s
M,3,14,1,23,
M,4,14,1,,h
M,5,14,1,,g
M,1,14,2,7,
M,2,14,2,60,s
M,3,14,2,,h
M,1,14,3,60,s
M,2,14,3,60,s
M,3,14,3,11,
M,4,14,3,,h
M,5,14,3,12,
M,1,14,4,39,
M,2,14,4,60,s
M,4,14,4,60,s
M,5,14,4,,h
M,1,14,5,15,
M,2,14,5,59,
M,3,14,5,9,
M,4,14,5,60,s
M,5,14,5,,h
T,1,14,6,52,
T,2,14,6,20,
T,3,14,6,18,
T,4,14,6,,h
T,5,14,6,17,
T,1,14,7,51,
T,2,14,7,48,
T,1,14,8,23,
T,2,14,8,38,
T,3,14,8,23,
T,4,14,8,19,
T,5,14,8,17,
T,1,14,9,35,
T,2,14,9,18,
T,3,14,9,,h
T,4,14,9,,h
T,5,14,9,,h
W,1,14,10,11,
W,2,14,10,51,
W,3,14,10,13,
W,4,14,10,34,
W,5,14,10,35,
W,1,14,11,28,
W,2,14,11,47,
W,3,14,11,14,
W,4,14,11,36,
W,5,14,11,21,
W,1,14,12,9,
W,2,14,12,41,
W,3,14,12,22,
W,4,14,12,11,
W,5,14,12,60,s
W,1,14,13,32,
W,2,14,13,58,
W,3,14,13,8,
W,4,14,13,14,
W,5,14,13,18,
W,1,14,14,12,
W,2,14,14,60,s
W,1,14,15,12,
W,2,14,15,60,s
W,3,14,15,13,
W,4,14,15,,h
W,5,14,15,,g
W,1,14,16,11,
W,2,14,16,60,s
W,3,14,16,,h
W,4,14,16,18,
W,5,14,16,5,
M,1,15,1,52,
M,2,15,1,60,s
M,3,15,1,23,
M,4,15,1,23,
M,5,15,1,40,
M,1,15,2,55,
M,2,15,2,60,s
M,3,15,2,,h
M,1,15,3,60,s
M,2,15,3,60,s
M,3,15,3,,h
M,4,15,3,,h
M,5,15,3,,g
M,1,15,4,37,
M,2,15,4,45,
M,4,15,4,,h
M,5,15,4,33,
M,1,15,5,59,
M,2,15,5,60,s
M,3,15,5,,h
M,4,15,5,,h
M,5,15,5,27,
T,1,15,6,60,s
T,2,15,6,60,s
T,3,15,6,30,
T,4,15,6,32,
T,5,15,6,50,
T,1,15,7,58,
T,2,15,7,60,s
T,1,15,8,56,
T,2,15,8,36,
T,3,15,8,23,
T,4,15,8,17,
T,5,15,8,26,
T,1,15,9,60,s
T,2,15,9,60,s
T,3,15,9,24,
T,4,15,9,39,
T,5,15,9,43,
W,1,15,10,9,
W,2,15,10,60,s
W,3,15,10,24,
W,4,15,10,,h
W,5,15,10,,g
W,1,15,11,23,
W,2,15,11,29,
W,3,15,11,21,
W,4,15,11,23,
W,5,15,11,60,s
W,1,15,12,20,
W,2,15,12,44,
W,3,15,12,42,
W,4,15,12,60,s
W,5,15,12,13,
W,1,15,13,60,s
W,2,15,13,48,
W,3,15,13,22,
W,4,15,13,,h
W,5,15,13,36,
W,1,15,14,20,
W,2,15,14,60,s
W,1,15,15,15,
W,2,15,15,60,s
W,3,15,15,27,
W,4,15,15,30,
W,5,15,15,5,
W,1,15,16,7,
W,2,15,16,60,s
W,3,15,16,55,
W,4,15,16,10,
W,5,15,16,5,
M,1,16,1,60,s
M,2,16,1,60,s
M,3,16,1,17,
M,4,16,1,,h
M,5,16,1,60,s
M,1,16,2,45,
M,2,16,2,59,
M,3,16,2,31,
M,1,16,3,25,
M,2,16,3,36,
M,3,16,3,25,
M,4,16,3,16,
M,5,16,3,60,s
M,1,16,4,60,s
M,2,16,4,60,s
M,4,16,4,60,s
M,5,16,4,39,
M,1,16,5,49,
M,2,16,5,60,s
M,3,16,5,35,
M,4,16,5,32,
M,5,16,5,60,s
T,1,16,6,15,
T,2,16,6,60,s
T,3,16,6,,h
T,4,16,6,,h
T,5,16,6,60,s
T,1,16,7,57,
T,2,16,7,49,
T,1,16,8,60,s
T,2,16,8,27,
T,3,16,8,,h
T,4,16,8,60,s
T,5,16,8,46,
T,1,16,9,60,s
T,2,16,9,59,
T,3,16,9,,h
T,4,16,9,60,s
T,5,16,9,45,
W,1,16,10,15,
W,2,16,10,27,
W,3,16,10,38,
W,4,16,10,,h
W,5,16,10,6,
W,1,16,11,49,
W,2,16,11,60,s
W,3,16,11,17,
W,4,16,11,60,s
W,5,16,11,23,
W,1,16,12,60,s
W,2,16,12,60,s
W,3,16,12,24,
W,4,16,12,24,
W,5,16,12,48,
W,1,16,13,60,s
W,2,16,13,60,s
W,3,16,13,11,
W,4,16,13,22,
W,5,16,13,18,
W,1,16,14,58,
W,2,16,14,60,s
W,1,16,15,14,
W,2,16,15,60,s
W,3,16,15,,h
W,4,16,15,11,
W,5,16,15,,h
W,1,16,16,44,
W,2,16,16,60,s
W,3,16,16,23,
W,4,16,16,22,
W,5,16,16,,g
M,1,17,1,60,s
M,2,17,1,60,s
M,3,17,1,,h
M,4,17,1,,h
M,5,17,1,27,
M,1,17,2,45,
M,2,17,2,60,s
M,3,17,2,48,
M,1,17,3,31,
M,2,17,3,60,s
M,3,17,3,,h
M,4,17,3,44,
M,5,17,3,,h
M,1,17,4,16,
M,2,17,4,60,s
M,4,17,4,60,s
M,5,17,4,60,s
M,1,17,5,60,s
M,2,17,5,60,s
M,3,17,5,,h
M,4,17,5,,h
M,5,17,5,53,
T,1,17,6,44,
T,2,17,6,60,s
T,3,17,6,53,
T,4,17,6,,h
T,5,17,6,7,
T,1,17,7,60,s
T,2,17,7,32,
T,1,17,8,60,s
T,2,17,8,38,
T,3,17,8,19,
T,4,17,8,45,
T,5,17,8,,g
T,1,17,9,33,
T,2,17,9,60,s
T,3,17,9,,h
T,4,17,9,25,
T,5,17,9,24,
W,1,17,10,13,
W,2,17,10,60,s
W,3,17,10,,h
W,4,17,10,60,s
W,5,17,10,13,
W,1,17,11,60,s
W,2,17,11,60,s
W,3,17,11,,h
W,4,17,11,55,
W,5,17,11,,h
W,1,17,12,35,
W,2,17,12,60,s
W,3,17,12,25,
W,4,17,12,58,
W,5,17,12,,h
W,1,17,13,60,s
W,2,17,13,60,s
W,3,17,13,,h
W,4,17,13,40,
W,5,17,13,33,
W,1,17,14,53,
W,2,17,14,60,s
W,1,17,15,60,s
W,2,17,15,60,s
W,3,17,15,40,
W,4,17,15,54,
W,5,17,15,4,
W,1,17,16,38,
W,2,17,16,60,s
W,3,17,16,,h
W,4,17,16,,h
W,5,17,16,7,
M,1,18,1,40,
M,2,18,1,60,s
M,3,18,1,37,
M,4,18,1,56,
M,5,18,1,27,
M,1,18,2,36,
M,2,18,2,60,s
M,3,18,2,,h
M,1,18,3,60,s
M,2,18,3,60,s
M,3,18,3,35,
M,4,18,3,,h
M,5,18,3,,h
M,1,18,4,60,s
M,2,18,4,50,
M,4,18,4,,h
M,5,18,4,,g
M,1,18,5,59,
M,2,18,5,35,
M,3,18,5,,h
M,4,18,5,,h
M,5,18,5,,h
T,1,18,6,60,s
T,2,18,6,60,s
T,3,18,6,,h
T,4,18,6,20,
T,5,18,6,,h
T,1,18,7,43,
T,2,18,7,60,s
T,1,18,8,19,
T,2,18,8,60,s
T,3,18,8,,h
T,4,18,8,,h
T,5,18,8,33,
T,1,18,9,60,s
T,2,18,9,60,s
T,3,18,9,,h
T,4,18,9,35,
T,5,18,9,,g
W,1,18,10,60,s
W,2,18,10,50,
W,3,18,10,60,s
W,4,18,10,60,s
W,5,18,10,,h
W,1,18,11,60,s
W,2,18,11,60,s
W,3,18,11,50,
W,4,18,11,43,
W,5,18,11,60,s
W,1,18,12,47,
W,2,18,12,60,s
W,3,18,12,,h
W,4,18,12,60,s
W,5,18,12,11,
W,1,18,13,60,s
W,2,18,13,60,s
W,3,18,13,5,
W,4,18,13,47,
W,5,18,13,41,
W,1,18,14,55,
W,2,18,14,60,s
W,1,18,15,60,s
W,2,18,15,60,s
W,3,18,15,,h
W,4,18,15,,h
W,5,18,15,,g
W,1,18,16,60,s
W,2,18,16,60,s
W,3,18,16,4,
W,4,18,16,28,
W,5,18,16,,h
M,1,19,1,60,s
M,2,19,1,60,s
M,3,19,1,17,
M,4,19,1,14,
M,5,19,1,,h
M,1,19,2,60,s
M,2,19,2,49,
M,3,19,2,60,s
M,1,19,3,59,
M,2,19,3,60,s
M,3,19,3,15,
M,4,19,3,51,
M,5,19,3,60,s
M,1,19,4,60,s
M,2,19,4,60,s
M,4,19,4,25,
M,5,19,4,30,
M,1,19,5,60,s
M,2,19,5,60,s
M,3,19,5,,h
M,4,19,5,,h
M,5,19,5,60,s
T,1,19,6,60,s
T,2,19,6,60,s
T,3,19,6,35,
T,4,19,6,34,
T,5,19,6,60,s
T,1,19,7,60,s
T,2,19,7,60,s
T,1,19,8,60,s
T,2,19,8,42,
T,3,19,8,21,
T,4,19,8,38,
T,5,19,8,36,
T,1,19,9,38,
T,2,19,9,60,s
T,3,19,9,,h
T,4,19,9,,h
T,5,19,9,12,
W,1,19,10,60,s
W,2,19,10,60,s
W,3,19,10,,h
W,4,19,10,47,
W,5,19,10,29,
W,1,19,11,60,s
W,2,19,11,60,s
W,3,19,11,60,s
W,4,19,11,60,s
W,5,19,11,,h
W,1,19,12,60,s
W,2,19,12,60,s
W,3,19,12,41,
W,4,19,12,60,s
W,5,19,12,9,
W,1,19,13,45,
W,2,19,13,60,s
W,3,19,13,,h
W,4,19,13,60,s
W,5,19,13,,h
W,1,19,14,60,s
W,2,19,14,60,s
W,1,19,15,60,s
W,2,19,15,60,s
W,3,19,15,60,s
W,4,19,15,30,
W,5,19,15,,h
W,1,19,16,60,s
W,2,19,16,60,s
W,3,19,16,60,s
W,4,19,16,49,
W,5,19,16,3,
M,1,20,,60,s
M,2,20,,60,s
M,3,20,,60,s
M,4,20,,60,s
M,5,20,,29,
M,1,20,,60,s
M,2,20,,60,s
M,3,20,,7,
M,1,20,,60,s
M,2,20,,60,s
M,3,20,,57,
M,4,20,,60,s
M,5,20,,,g
M,1,20,,60,s
M,2,20,,50,
M,4,20,,40,
M,5,20,,12,
M,1,20,,60,s
M,2,20,,60,s
M,3,20,,28,
M,4,20,,60,s
M,5,20,,,h
T,1,20,,60,s
T,2,20,,60,s
T,3,20,,35,
T,4,20,,60,s
T,5,20,,53,
T,1,20,,60,s
T,2,20,,60,s
T,1,20,,60,s
T,2,20,,60,s
T,3,20,,,h
T,4,20,,60,s
T,5,20,,,h
T,1,20,,60,s
T,2,20,,48,
T,3,20,,21,
T,4,20,,59,
T,5,20,,,h
W,1,20,,60,s
W,2,20,,60,s
W,3,20,,51,
W,4,20,,60,s
W,5,20,,,h
W,1,20,,60,s
W,2,20,,60,s
W,3,20,,60,s
W,4,20,,,h
W,5,20,,49,
W,1,20,,60,s
W,2,20,,60,s
W,3,20,,60,s
W,4,20,,60,s
W,5,20,,60,s
W,1,20,,60,s
W,2,20,,60,s
W,3,20,,47,
W,4,20,,60,s
W,5,20,,60,s
W,1,20,,60,s
W,2,20,,60,s
W,1,20,,60,s
W,2,20,,60,s
W,3,20,,,h
W,4,20,,60,s
W,5,20,,,h
W,1,20,,60,s
W,2,20,,60,s
W,3,20,,26,
W,4,20,,60,s
W,5,20,,13,
